job_type,name
JuniorEngineer,#####
GraphicDesigner,#####
JuniorEngineer,#####
Manager,#####
Architect,#####
VP,#####
JuniorEngineer,#####
SeniorEngineer,#####
SeniorEngineer,#####
Director,#####
JuniorEngineer,#####
Architect,#####
VP,#####
VP,#####
Engineer,#####
SeniorEngineer,#####
Director,#####
Architect,#####
Manager,#####
JuniorEngineer,#####
VP,#####
Engineer,#####
Engineer,#####
Engineer,#####
Engineer,#####
Manager,#####
JuniorEngineer,#####
SeniorEngineer,#####
GraphicDesigner,#####
Architect,#####
VP,#####
Architect,#####
SeniorEngineer,#####
VP,#####
Director,#####
JuniorEngineer,#####
Engineer,#####
Engineer,#####
GraphicDesigner,#####
Manager,#####
VP,#####
Director,#####
VP,#####
VP,#####
JuniorEngineer,#####
Architect,#####
Manager,#####
JuniorEngineer,#####
GraphicDesigner,#####
Manager,#####
SeniorEngineer,#####
GraphicDesigner,#####
GraphicDesigner,#####
SeniorEngineer,#####
SeniorEngineer,#####
Director,#####
SeniorEngineer,#####
Architect,#####
Manager,#####
Manager,#####
JuniorEngineer,#####
Manager,#####
SeniorEngineer,#####
Engineer,#####
VP,#####
Manager,#####
Engineer,#####
SeniorEngineer,#####
Architect,#####
Manager,#####
JuniorEngineer,#####
JuniorEngineer,#####
Engineer,#####
Architect,#####
SeniorEngineer,#####
VP,#####
SeniorEngineer,#####
VP,#####
VP,#####
Manager,#####
Architect,#####
Architect,#####
VP,#####
Manager,#####
Director,#####
VP,#####
Engineer,#####
GraphicDesigner,#####
Manager,#####
JuniorEngineer,#####
Engineer,#####
GraphicDesigner,#####
SeniorEngineer,#####
Director,#####
SeniorEngineer,#####
Director,#####
SeniorEngineer,#####
Architect,#####
VP,#####
JuniorEngineer,#####
Director,#####
Manager,#####
VP,#####
Manager,#####
Manager,#####
Architect,#####
Engineer,#####
GraphicDesigner,#####
SeniorEngineer,#####
SeniorEngineer,#####
GraphicDesigner,#####
Manager,#####
GraphicDesigner,#####
Engineer,#####
Architect,#####
Engineer,#####
Architect,#####
Manager,#####
Manager,#####
JuniorEngineer,#####
Engineer,#####
GraphicDesigner,#####
JuniorEngineer,#####
Architect,#####
SeniorEngineer,#####
JuniorEngineer,#####
SeniorEngineer,#####
Architect,#####
GraphicDesigner,#####
GraphicDesigner,#####
Architect,#####
GraphicDesigner,#####
GraphicDesigner,#####
Director,#####
JuniorEngineer,#####
Manager,#####
GraphicDesigner,#####
Director,#####
Director,#####
VP,#####
JuniorEngineer,#####
Engineer,#####
Director,#####
Manager,#####
Engineer,#####
JuniorEngineer,#####
Manager,#####
Engineer,#####
Manager,#####
VP,#####
VP,#####
Director,#####
Engineer,#####
Manager,#####
JuniorEngineer,#####
JuniorEngineer,#####
Engineer,#####
Manager,#####
Director,#####
SeniorEngineer,#####
Director,#####
GraphicDesigner,#####
Manager,#####
SeniorEngineer,#####
JuniorEngineer,#####
JuniorEngineer,#####
VP,#####
SeniorEngineer,#####
GraphicDesigner,#####
GraphicDesigner,#####
VP,#####
Engineer,#####
VP,#####
SeniorEngineer,#####
VP,#####
GraphicDesigner,#####
GraphicDesigner,#####
SeniorEngineer,#####
Architect,#####
Director,#####
GraphicDesigner,#####
Manager,#####
Architect,#####
Director,#####
GraphicDesigner,#####
Director,#####
GraphicDesigner,#####
Director,#####
Director,#####
Manager,#####
Director,#####
Manager,#####
GraphicDesigner,#####
JuniorEngineer,#####
SeniorEngineer,#####
GraphicDesigner,#####
Manager,#####
SeniorEngineer,#####
Architect,#####
Director,#####
JuniorEngineer,#####
Manager,#####
Manager,#####
Manager,#####
VP,#####
Manager,#####
GraphicDesigner,#####
GraphicDesigner,#####
SeniorEngineer,#####
VP,#####
Engineer,#####
Manager,#####
GraphicDesigner,#####
Manager,#####
GraphicDesigner,#####
Engineer,#####
GraphicDesigner,#####
Director,#####
Engineer,#####
GraphicDesigner,#####
Manager,#####
Director,#####
JuniorEngineer,#####
VP,#####
Engineer,#####
VP,#####
Architect,#####
Director,#####
Manager,#####
Director,#####
Director,#####
SeniorEngineer,#####
GraphicDesigner,#####
JuniorEngineer,#####
Architect,#####
Engineer,#####
Architect,#####
GraphicDesigner,#####
JuniorEngineer,#####
JuniorEngineer,#####
Architect,#####
Manager,#####
Director,#####
GraphicDesigner,#####
Architect,#####
JuniorEngineer,#####
Engineer,#####
SeniorEngineer,#####
GraphicDesigner,#####
Architect,#####
Director,#####
GraphicDesigner,#####
Engineer,#####
GraphicDesigner,#####
Architect,#####
Director,#####
JuniorEngineer,#####
Director,#####
JuniorEngineer,#####
GraphicDesigner,#####
GraphicDesigner,#####
SeniorEngineer,#####
JuniorEngineer,#####
GraphicDesigner,#####
GraphicDesigner,#####
JuniorEngineer,#####
Architect,#####
GraphicDesigner,#####
GraphicDesigner,#####
Architect,#####
JuniorEngineer,#####
Engineer,#####
Architect,#####
Director,#####
Architect,#####
Director,#####
VP,#####
VP,#####
GraphicDesigner,#####
JuniorEngineer,#####
JuniorEngineer,#####
GraphicDesigner,#####
Director,#####
SeniorEngineer,#####
Manager,#####
Architect,#####
SeniorEngineer,#####
VP,#####
GraphicDesigner,#####
Architect,#####
Director,#####
Manager,#####
Manager,#####
Architect,#####
Engineer,#####
Director,#####
SeniorEngineer,#####
SeniorEngineer,#####
SeniorEngineer,#####
Architect,#####
GraphicDesigner,#####
VP,#####
GraphicDesigner,#####
Engineer,#####
Director,#####
SeniorEngineer,#####
Engineer,#####
Manager,#####
Architect,#####
VP,#####
GraphicDesigner,#####
JuniorEngineer,#####
Manager,#####
VP,#####
Architect,#####
GraphicDesigner,#####
JuniorEngineer,#####
JuniorEngineer,#####
Engineer,#####
VP,#####
Engineer,#####
SeniorEngineer,#####
Director,#####
SeniorEngineer,#####
GraphicDesigner,#####
SeniorEngineer,#####
Architect,#####
Engineer,#####
Engineer,#####
Engineer,#####
Manager,#####
JuniorEngineer,#####
Engineer,#####
VP,#####
Manager,#####
Manager,#####
Director,#####
JuniorEngineer,#####
Manager,#####
Manager,#####
Manager,#####
Manager,#####
Engineer,#####
GraphicDesigner,#####
JuniorEngineer,#####
Engineer,#####
SeniorEngineer,#####
GraphicDesigner,#####
GraphicDesigner,#####
Architect,#####
Director,#####
Architect,#####
Manager,#####
Architect,#####
VP,#####
Architect,#####
Manager,#####
Engineer,#####
JuniorEngineer,#####
GraphicDesigner,#####
Engineer,#####
SeniorEngineer,#####
Engineer,#####
Architect,#####
GraphicDesigner,#####
Engineer,#####
JuniorEngineer,#####
VP,#####
Engineer,#####
Engineer,#####
JuniorEngineer,#####
GraphicDesigner,#####
GraphicDesigner,#####
GraphicDesigner,#####
Director,#####
SeniorEngineer,#####
Architect,#####
Director,#####
GraphicDesigner,#####
GraphicDesigner,#####
Manager,#####
Engineer,#####
Director,#####
GraphicDesigner,#####
VP,#####
Architect,#####
GraphicDesigner,#####
VP,#####
Architect,#####
Engineer,#####
Manager,#####
GraphicDesigner,#####
SeniorEngineer,#####
SeniorEngineer,#####
JuniorEngineer,#####
Architect,#####
SeniorEngineer,#####
Engineer,#####
Engineer,#####
VP,#####
Manager,#####
Director,#####
VP,#####
Director,#####
Engineer,#####
VP,#####
SeniorEngineer,#####
JuniorEngineer,#####
Director,#####
Engineer,#####
GraphicDesigner,#####
SeniorEngineer,#####
Architect,#####
SeniorEngineer,#####
Engineer,#####
Director,#####
SeniorEngineer,#####
Manager,#####
SeniorEngineer,#####
Engineer,#####
VP,#####
VP,#####
SeniorEngineer,#####
SeniorEngineer,#####
Manager,#####
Manager,#####
Director,#####
VP,#####
Manager,#####
Director,#####
GraphicDesigner,#####
JuniorEngineer,#####
Manager,#####
Engineer,#####
SeniorEngineer,#####
SeniorEngineer,#####
SeniorEngineer,#####
VP,#####
Director,#####
Manager,#####
SeniorEngineer,#####
Director,#####
VP,#####
Engineer,#####
VP,#####
Engineer,#####
GraphicDesigner,#####
VP,#####
GraphicDesigner,#####
VP,#####
VP,#####
Engineer,#####
Manager,#####
Manager,#####
Architect,#####
VP,#####
SeniorEngineer,#####
Director,#####
JuniorEngineer,#####
Engineer,#####
VP,#####
JuniorEngineer,#####
Director,#####
Manager,#####
Manager,#####
Engineer,#####
Engineer,#####
Architect,#####
Manager,#####
Architect,#####
Director,#####
Engineer,#####
JuniorEngineer,#####
Architect,#####
JuniorEngineer,#####
Director,#####
Architect,#####
VP,#####
GraphicDesigner,#####
GraphicDesigner,#####
VP,#####
Architect,#####
JuniorEngineer,#####
GraphicDesigner,#####
Director,#####
Director,#####
GraphicDesigner,#####
GraphicDesigner,#####
GraphicDesigner,#####
Engineer,#####
JuniorEngineer,#####
SeniorEngineer,#####
GraphicDesigner,#####
GraphicDesigner,#####
GraphicDesigner,#####
GraphicDesigner,#####
Engineer,#####
Manager,#####
VP,#####
Engineer,#####
Architect,#####
Architect,#####
Architect,#####
Manager,#####
GraphicDesigner,#####
GraphicDesigner,#####
GraphicDesigner,#####
Engineer,#####
VP,#####
VP,#####
JuniorEngineer,#####
GraphicDesigner,#####
Manager,#####
SeniorEngineer,#####
Manager,#####
SeniorEngineer,#####
SeniorEngineer,#####
Manager,#####
SeniorEngineer,#####
Director,#####
Director,#####
Manager,#####
Architect,#####
GraphicDesigner,#####
Architect,#####
GraphicDesigner,#####
Architect,#####
Engineer,#####
Director,#####
SeniorEngineer,#####
GraphicDesigner,#####
Engineer,#####
VP,#####
SeniorEngineer,#####
SeniorEngineer,#####
Director,#####
Architect,#####
Engineer,#####
GraphicDesigner,#####
VP,#####
GraphicDesigner,#####
GraphicDesigner,#####
Architect,#####
GraphicDesigner,#####
Director,#####
Manager,#####
Architect,#####
GraphicDesigner,#####
Engineer,#####
GraphicDesigner,#####
Director,#####
JuniorEngineer,#####
SeniorEngineer,#####
SeniorEngineer,#####
JuniorEngineer,#####
SeniorEngineer,#####
Manager,#####
SeniorEngineer,#####
Manager,#####
Director,#####
JuniorEngineer,#####
SeniorEngineer,#####
Engineer,#####
Manager,#####
Director,#####
VP,#####
VP,#####
JuniorEngineer,#####
Director,#####
SeniorEngineer,#####
JuniorEngineer,#####
VP,#####
GraphicDesigner,#####
Director,#####
Manager,#####
Engineer,#####
Director,#####
JuniorEngineer,#####
Manager,#####
Director,#####
SeniorEngineer,#####
VP,#####
Director,#####
Director,#####
Manager,#####
VP,#####
GraphicDesigner,#####
Engineer,#####
Engineer,#####
Director,#####
JuniorEngineer,#####
Director,#####
VP,#####
SeniorEngineer,#####
Director,#####
Architect,#####
Architect,#####
Engineer,#####
SeniorEngineer,#####
Director,#####
Manager,#####
GraphicDesigner,#####
Director,#####
GraphicDesigner,#####
SeniorEngineer,#####
JuniorEngineer,#####
JuniorEngineer,#####
Engineer,#####
Engineer,#####
SeniorEngineer,#####
JuniorEngineer,#####
SeniorEngineer,#####
Architect,#####
SeniorEngineer,#####
SeniorEngineer,#####
SeniorEngineer,#####
GraphicDesigner,#####
Director,#####
SeniorEngineer,#####
VP,#####
SeniorEngineer,#####
SeniorEngineer,#####
Engineer,#####
Manager,#####
VP,#####
Manager,#####
VP,#####
Director,#####
Director,#####
Manager,#####
Director,#####
GraphicDesigner,#####
Manager,#####
Engineer,#####
SeniorEngineer,#####
Manager,#####
SeniorEngineer,#####
Manager,#####
SeniorEngineer,#####
Engineer,#####
VP,#####
GraphicDesigner,#####
Director,#####
GraphicDesigner,#####
Architect,#####
VP,#####
VP,#####
Engineer,#####
SeniorEngineer,#####
Manager,#####
GraphicDesigner,#####
GraphicDesigner,#####
SeniorEngineer,#####
VP,#####
Director,#####
Engineer,#####
GraphicDesigner,#####
SeniorEngineer,#####
GraphicDesigner,#####
JuniorEngineer,#####
Engineer,#####
VP,#####
JuniorEngineer,#####
Architect,#####
VP,#####
JuniorEngineer,#####
JuniorEngineer,#####
GraphicDesigner,#####
VP,#####
Manager,#####
Manager,#####
Architect,#####
VP,#####
GraphicDesigner,#####
GraphicDesigner,#####
GraphicDesigner,#####
Architect,#####
VP,#####
Manager,#####
Architect,#####
VP,#####
Director,#####
GraphicDesigner,#####
Architect,#####
Architect,#####
SeniorEngineer,#####
Manager,#####
Director,#####
JuniorEngineer,#####
Engineer,#####
JuniorEngineer,#####
VP,#####
Manager,#####
Engineer,#####
VP,#####
Manager,#####
Architect,#####
Engineer,#####
GraphicDesigner,#####
VP,#####
Architect,#####
Engineer,#####
Director,#####
JuniorEngineer,#####
VP,#####
GraphicDesigner,#####
Engineer,#####
Engineer,#####
Architect,#####
Engineer,#####
SeniorEngineer,#####
VP,#####
GraphicDesigner,#####
Engineer,#####
VP,#####
VP,#####
VP,#####
Architect,#####
Engineer,#####
GraphicDesigner,#####
Director,#####
Architect,#####
Architect,#####
JuniorEngineer,#####
Manager,#####
JuniorEngineer,#####
GraphicDesigner,#####
VP,#####
VP,#####
SeniorEngineer,#####
SeniorEngineer,#####
GraphicDesigner,#####
VP,#####
GraphicDesigner,#####
Director,#####
Manager,#####
VP,#####
SeniorEngineer,#####
Engineer,#####
GraphicDesigner,#####
VP,#####
JuniorEngineer,#####
Director,#####
JuniorEngineer,#####
Architect,#####
Architect,#####
VP,#####
Director,#####
SeniorEngineer,#####
Engineer,#####
JuniorEngineer,#####
Manager,#####
Architect,#####
GraphicDesigner,#####
Architect,#####
JuniorEngineer,#####
Director,#####
SeniorEngineer,#####
JuniorEngineer,#####
SeniorEngineer,#####
Director,#####
Architect,#####
Manager,#####
Engineer,#####
SeniorEngineer,#####
SeniorEngineer,#####
JuniorEngineer,#####
VP,#####
Manager,#####
Engineer,#####
Architect,#####
Architect,#####
GraphicDesigner,#####
Director,#####
Manager,#####
Director,#####
SeniorEngineer,#####
Manager,#####
VP,#####
Engineer,#####
Engineer,#####
Director,#####
Architect,#####
Director,#####
Architect,#####
GraphicDesigner,#####
JuniorEngineer,#####
SeniorEngineer,#####
JuniorEngineer,#####
SeniorEngineer,#####
Director,#####
Director,#####
SeniorEngineer,#####
JuniorEngineer,#####
JuniorEngineer,#####
Manager,#####
VP,#####
GraphicDesigner,#####
Engineer,#####
SeniorEngineer,#####
VP,#####
Manager,#####
Director,#####
SeniorEngineer,#####
Engineer,#####
Architect,#####
Architect,#####
Engineer,#####
Manager,#####
Director,#####
VP,#####
JuniorEngineer,#####
SeniorEngineer,#####
GraphicDesigner,#####
Director,#####
GraphicDesigner,#####
GraphicDesigner,#####
Engineer,#####
VP,#####
Architect,#####
Engineer,#####
Director,#####
JuniorEngineer,#####
Architect,#####
Director,#####
Engineer,#####
Manager,#####
VP,#####
SeniorEngineer,#####
GraphicDesigner,#####
VP,#####
SeniorEngineer,#####
Director,#####
Director,#####
GraphicDesigner,#####
JuniorEngineer,#####
GraphicDesigner,#####
Director,#####
Director,#####
JuniorEngineer,#####
Engineer,#####
Director,#####
Architect,#####
JuniorEngineer,#####
GraphicDesigner,#####
Architect,#####
JuniorEngineer,#####
Director,#####
SeniorEngineer,#####
Director,#####
Engineer,#####
VP,#####
GraphicDesigner,#####
Engineer,#####
Manager,#####
VP,#####
SeniorEngineer,#####
SeniorEngineer,#####
Architect,#####
Manager,#####
SeniorEngineer,#####
GraphicDesigner,#####
Director,#####
Architect,#####
GraphicDesigner,#####
JuniorEngineer,#####
Architect,#####
VP,#####
Manager,#####
GraphicDesigner,#####
VP,#####
VP,#####
Director,#####
GraphicDesigner,#####
Manager,#####
Architect,#####
VP,#####
Architect,#####
GraphicDesigner,#####
VP,#####
Engineer,#####
SeniorEngineer,#####
Manager,#####
VP,#####
Architect,#####
VP,#####
VP,#####
GraphicDesigner,#####
SeniorEngineer,#####
Engineer,#####
VP,#####
Director,#####
JuniorEngineer,#####
Manager,#####
Manager,#####
VP,#####
Architect,#####
VP,#####
SeniorEngineer,#####
GraphicDesigner,#####
Director,#####
SeniorEngineer,#####
Engineer,#####
SeniorEngineer,#####
Architect,#####
Manager,#####
SeniorEngineer,#####
SeniorEngineer,#####
JuniorEngineer,#####
JuniorEngineer,#####
JuniorEngineer,#####
Manager,#####
Engineer,#####
Engineer,#####
SeniorEngineer,#####
SeniorEngineer,#####
JuniorEngineer,#####
GraphicDesigner,#####
Manager,#####
Manager,#####
VP,#####
VP,#####
VP,#####
JuniorEngineer,#####
SeniorEngineer,#####
Engineer,#####
GraphicDesigner,#####
Director,#####
GraphicDesigner,#####
Manager,#####
Architect,#####
VP,#####
Director,#####
JuniorEngineer,#####
Manager,#####
VP,#####
Architect,#####
Architect,#####
Director,#####
Director,#####
JuniorEngineer,#####
Manager,#####
JuniorEngineer,#####
Manager,#####
Engineer,#####
Manager,#####
GraphicDesigner,#####
Director,#####
SeniorEngineer,#####
SeniorEngineer,#####
Director,#####
Architect,#####
Engineer,#####
SeniorEngineer,#####
Engineer,#####
Director,#####
VP,#####
GraphicDesigner,#####
Manager,#####
SeniorEngineer,#####
GraphicDesigner,#####
JuniorEngineer,#####
GraphicDesigner,#####
Engineer,#####
GraphicDesigner,#####
Director,#####
VP,#####
SeniorEngineer,#####
VP,#####
VP,#####
VP,#####
Director,#####
Engineer,#####
Director,#####
Architect,#####
Engineer,#####
GraphicDesigner,#####
SeniorEngineer,#####
Director,#####
Architect,#####
SeniorEngineer,#####
Manager,#####
Engineer,#####
Director,#####
VP,#####
VP,#####
Manager,#####
Architect,#####
GraphicDesigner,#####
JuniorEngineer,#####
SeniorEngineer,#####
Director,#####
SeniorEngineer,#####
Engineer,#####
Engineer,#####
Manager,#####
Engineer,#####
VP,#####
VP,#####
Manager,#####
